word,frequency
the,2723
of,1883
is,1323
to,1253
and,1011
that,964
in,959
we,959
a,846
it,698
be,654
which,584
as,545
are,492
not,461
this,411
or,353
by,343
our,343
with,332
have,320
but,304
knowledge,303
if,277
there,264
for,264
what,254
from,229
all,228
can,219
any,206
such,189
may,172
must,168
at,167
things,167
i,164
know,162
no,161
other,160
one,156
some,155
when,155
us,152
two,149
will,148
they,147
thus,146
an,141
has,139
true,130
on,124
sense-data,116
only,110
fact,108
so,106
object,102
physical,101
its,100
belief,99
see,98
more,97
gutenberg,97
he,97
objects,94
same,93
relation,92
was,92
sense,91
certain,91
about,90
known,89
project,89
cannot,89
truth,89
table,87
would,86
you,86
than,85
them,85
mind,84
philosophy,83
world,80
acquaintance,78
experience,78
do,78
between,76
different,76
been,76
something,75
particular,74
thing,73
these,73
does,73
space,73
general,72
therefore,71
were,70
acquainted,69
shall,67
case,67
upon,66
very,63
being,63
who,63
proposition,61
time,60
say,60
many,60
1,60
my,60
question,59
universals,59
nature,58
first,58
because,58
could,57
possible,57
their,57
colour,56
priori_,56
_a,56
terms,55
his,55
exist,54
existence,54
way,54
principle,54
reason,53
make,53
law,53
those,52
real,52
should,51
man,51
view,51
also,51
really,50
minds,50
work,50
though,50
truths,49
itself,49
principles,49
called,49
beliefs,48
believe,47
chapter,47
even,47
without,46
thought,46
less,46
matter,46
description,45
hence,45
kind,45
now,45
most,44
whether,44
seem,43
seems,43
e,43
four,43
where,43
since,42
example,42
sort,42
relations,42
whole,41
judgement,40
anything,40
before,40
whatever,40
like,40
find,39
cases,39
never,39
doubt,38
word,38
concerning,38
people,38
might,37
however,37
ideas,36
become,36
men,36
form,36
means,36
suppose,35
nothing,34
philosophers,34
common,34
past,34
point,34
instance,34
works,33
given,33
am,33
complex,33
consider,33
mental,33
person,33
laws,33
exists,33
quite,32
certainty,32
then,32
merely,32
much,32
idea,31
present,31
science,31
part,31
think,31
universe,31
order,31
sun,31
self-evidence,31
yet,31
found,31
propositions,30
life,30
logic,30
universal,30
into,30
either,29
said,29
ourselves,29
falsehood,28
just,28
seen,28
great,28
actual,28
least,28
although,28
cassio,28
call,28
false,27
parts,27
electronic,27
use,27
foundation,27
answer,27
except,26
particulars,26
important,26
him,26
future,26
prove,26
far,26
always,26
b,26
another,26
questions,26
argument,26
mean,25
body,25
subject,25
states,25
regard,25
desdemona,25
often,25
necessary,24
how,24
shape,24
both,24
associated,23
immediately,23
still,23
memory,23
judgements,23
seeing,23
difficult,23
aware,23
take,23
own,23
believing,23
follows,22
give,22
logical,22
light,22
while,22
namely,22
supposed,22
come,22
tree,22
senses,22
instances,22
self-evident,22
theory,22
among,22
had,22
immediate,21
consists,21
out,21
number,21
intuitive,21
private,21
above,21
through,21
makes,21
berkeley,21
understand,20
degree,20
copyright,20
sensations,20
probable,20
up,20
next,19
kant,19
various,19
result,19
becomes,19
else,19
property,19
agreement,19
inductive,19
well,19
contradiction,19
definite,19
independent,19
mortal,19
connexion,19
act,19
value,19
red,19
so-and-so,19
proved,18
account,18
here,18
thoughts,18
probability,18
loves,18
united,18
othello,18
reasons,18
deduced,18
course,18
made,18
importance,18
gives,18
sensation,18
last,18
everything,18
license,18
begin,18
facts,18
good,18
name,18
unless,18
mere,18
look,18
conclusion,17
sense-datum,17
involved,17
problem,17
single,17
cause,17
appears,17
further,17
held,17
nor,17
together,17
applies,17
similar,17
data,17
almost,17
derived,17
generally,17
long,17
every,17
ever,17
plain,17
wholly,17
rather,17
believes,17
sight,16
place,16
used,16
reality,16
let,16
white,16
greater,16
properties,16
obviously,16
arguments,16
whiteness,16
concerned,16
attempt,16
capable,16
definition,16
error,16
appear,16
regards,16
according,15
problems,15
self,15
inference,15
right,15
under,15
full,15
others,15
evident,15
appearance,15
induction,15
feel,15
derivative,15
outside,15
show,15
impossible,15
room,15
absolute,15
bismarck,15
again,15
donations,15
experiences,15
premisses,15
human,15
involve,15
each,15
empirical,14
collection,14
considered,14
led,14
moment,14
soon,14
against,14
second,14
beyond,14
already,14
words,14
points,14
socrates,14
me,14
statement,14
having,14
s,14
contrary,14
natural,14
set,14
opinion,14
touch,14
trademark,14
opposed,14
clear,14
knowing,14
based,14
difficulty,14
depend,13
free,13
archive,13
ebook,13
able,13
did,13
brown,13
contemplation,13
admit,13
believed,13
literary,13
within,13
apparent,13
3,13
motion,12
system,12
colours,12
depends,12
ask,12
three,12
perception,12
why,12
whereas,12
obtained,12
deny,12
unity,12
following,12
state,12
directly,12
agree,12
philosophical,12
applicable,12
expectations,12
copy,12
corresponding,12
says,12
blind,12
sure,12
considering,12
2,12
remain,12
study,12
judge,12
regarded,12
perceive,12
saw,12
pure,11
dreams,11
end,11
answers,11
f,11
connected,11
erroneous,11
useful,11
kinds,11
north,11
meaning,11
spaces,11
giving,11
times,11
results,11
go,11
man's,11
wish,11
paragraph,11
difference,11
grounds,11
judging,11
alone,11
thinking,11
previous,11
evidence,11
spite,11
love,11
arithmetic,11
provided,11
required,11
to-morrow,11
instinctive,11
quality,11
hold,11
reflection,10
pass,10
equally,10
included,10
apart,10
obvious,10
association,10
ground,10
sees,10
rate,10
philosopher,10
commonly,10
feelings,10
beech,10
over,10
desire,10
sometimes,10
contain,10
experienced,10
valid,10
hear,10
independently,10
piece,10
once,10
hope,10
correspondence,10
inferred,10
abstract,10
opposite,10
london,10
completely,10
actually,10
assume,10
proof,10
resemblance,10
patch,10
refund,10
new,10
rise,10
power,10
described,10
your,10
access,10
logically,10
until,10
reasoning,10
perhaps,10
forth,9
constituents,9
preceding,9
ought,9
certainly,9
edinburgh,9
nevertheless,9
incomplete,9
start,9
process,9
remembered,9
remains,9
public,9
org,9
www,9
characteristics,9
limited,9
exceptions,9
neither,9
apprehended,9
phenomena,9
several,9
eye,9
himself,9
due,9
interesting,9
intrinsic,9
descriptions,9
speaking,9
food,9
similarly,9
direct,9
hard,9
information,9
draw,9
themselves,9
otherwise,9
phrase,9
dependent,9
comes,9
after,9
naturally,9
belongs,9
doubtful,9
existing,9
usually,9
apply,9
left,9
arise,9
possibility,9
supposing,9
including,9
meant,9
image,8
taken,8
probably,8
addition,8
outer,8
support,8
fee,8
distribution,8
god,8
source,8
bodies,8
people's,8
return,8
speak,8
using,8
scientific,8
sound,8
happen,8
dream,8
fresh,8
formerly,8
need,8
degrees,8
analysis,8
infinite,8
coherent,8
philosophic,8
obtain,8
hitherto,8
shown,8
examine,8
goes,8
_is_,8
provide,8
coherence,8
daily,8
confusion,8
plato,8
correspond,8
help,8
involves,8
sentence,8
tell,8
criticism,8
tells,8
basis,8
incapable,8
perceived,8
effect,8
medium,8
essentially,8
entities,8
test,8
rationalists,8
favour,8
position,8
german,8
later,8
scope,8
strictly,7
validity,7
permanent,7
method,7
triangle,7
discovered,7
assert,7
candidate,7
arrive,7
follow,7
hypotheses,7
desdemona's,7
leibniz,7
imagination,7
verbs,7
easy,7
loving,7
derive,7
whose,7
easily,7
extent,7
small,7
possibilities,7
occur,7
straight,7
line,7
main,7
u,7
copies,7
prejudices,7
necessity,7
ebooks,7
difficulties,7
empiricists,7
section,7
whenever,7
get,7
essential,7
5,7
special,7
consideration,7
sounds,7
reasonable,7
asserts,7
earth,7
ultimate,7
ordinary,7
mathematics,7
proceed,7
truly,7
fundamental,7
blue,7
distinction,7
stand,7
learn,7
located,7
away,7
distinguish,7
jones,7
contact,7
hegel,7
couples,7
distributing,7
dealing,7
essence,7
precise,7
hand,7
practical,7
c,7
signs,7
reach,7
perfectly,6
direction,6
simply,6
robinson,6
ways,6
happened,6
futures,6
generalizations,6
wrong,6
statements,6
best,6
union,6
continue,6
modern,6
paid,6
hardly,6
ago,6
descartes,6
integers,6
comply,6
illustration,6
stated,6
idealism,6
charge,6
try,6
imagine,6
beings,6
enables,6
rest,6
premiss,6
seemed,6
granted,6
taking,6
confined,6
guarantee,6
purely,6
understood,6
represented,6
advocated,6
causes,6
highest,6
gravitation,6
narrow,6
chief,6
instead,6
characteristic,6
separate,6
resemble,6
accordance,6
business,6
ambiguous,6
showing,6
performed,6
care,6
_must_,6
require,6
largely,6
matters,6
animals,6
tax,6
whom,6
individual,6
stands,6
composed,6
fully,6
perceptions,6
implied,6
entirely,6
smith,6
began,6
exactly,6
relates,6
deal,6
etc,6
goods,6
simple,6
finding,6
familiar,6
enough,6
reference,6
dealt,6
complete,6
constantly,6
kant's,6
involving,6
circumstances,6
scarcely,6
better,6
describe,6
qualities,6
misleading,6
observed,6
critical,6
necessarily,6
prepositions,6
reject,6
nearly,6
eyes,6
continues,6
exclusively,6
expect,6
radically,6
seek,6
moreover,6
somewhat,6
entity,6
wave-motion,6
along,6
hardness,6
analytic,6
adopt,6
time-order,6
read,6
distribute,6
interest,6
prime,6
permission,6
late,6
hume,6
received,6
constituted,6
assuming,6
constitute,6
product,6
_true_,6
turn,6
habit,6
judges,5
realize,5
admitted,5
back,5
purpose,5
chapters,5
too,5
indubitable,5
waking,5
hypothesis,5
done,5
approach,5
claim,5
irrelevant,5
green,5
constitutes,5
shade,5
lightning,5
charles,5
deduction,5
adjectives,5
sufficient,5
ceases,5
occupy,5
trustworthiness,5
page,5
examined,5
large,5
open,5
class,5
berkeley's,5
testimony,5
acquire,5
character,5
road,5
raises,5
notice,5
feeling,5
differ,5
datum,5
material,5
maintained,5
cat,5
forms,5
substantives,5
7,5
sooner,5
identical,5
_all_,5
making,5
triangles,5
generalization,5
share,5
strange,5
manner,5
impossibility,5
shades,5
enable,5
geometry,5
_acquaintance_,5
caused,5
waves,5
distances,5
holds,5
_a_,5
calls,5
virtue,5
discovering,5
deduce,5
argue,5
partly,5
ultimately,5
happens,5
simultaneously,5
theoretically,5
apt,5
days,5
intellect,5
day,5
reflect,5
attention,5
interests,5
providing,5
requires,5
doubted,5
worth,5
empire,5
owing,5
compliance,5
objections,5
existed,5
appeared,5
head,5
writing,5
proper,5
likely,5
corresponds,5
iron,5
related,5
contradictions,5
change,5
raised,5
looks,5
sorts,5
compelled,5
liable,5
avoid,5
shapes,5
_know_,5
freely,5
doubting,5
psychological,5
mask,5
greatness,5
nearer,5
protected,5
want,5
longer,5
fulfilled,5
looking,5
driven,5
conception,5
desires,5
evil,5
briefly,5
shut,5
anyone,5
_some_,5
constant,5
altogether,5
infer,5
air,5
limits,5
volunteers,5
replacement,5
donate,5
wishes,5
absurd,5
views,5
inferences,5
round,5
sciences,5
keep,5
put,5
fallacious,5
denied,5
gradation,5
4,5
idealists,5
discover,5
express,5
consciousness,5
distinguished,4
spoken,4
constituent,4
diplomatist,4
relative,4
julius,4
astute,4
personal,4
demand,4
scepticism,4
broadly,4
advance,4
expecting,4
freedom,4
attempts,4
swans,4
acts,4
respect,4
justice,4
wave-motions,4
vague,4
denotes,4
_if_,4
limitation,4
microscope,4
circle,4
sake,4
cease,4
escape,4
chancellor,4
prominently,4
trivial,4
brought,4
arises,4
noise,4
named,4
few,4
circular,4
elicited,4
reveal,4
intrinsically,4
knew,4
employed,4
noted,4
enlargement,4
mr,4
undoubtedly,4
fees,4
ethical,4
objection,4
website,4
removed,4
fairly,4
stage,4
requirements,4
holder,4
_relations_,4
survey,4
amount,4
doctrine,4
search,4
sitting,4
examination,4
posted,4
establish,4
asked,4
owner,4
reading,4
positive,4
firmly,4
_the,4
damages,4
metaphysics,4
truism,4
produced,4
valuable,4
innumerable,4
consist,4
g,4
innate,4
former,4
latter,4
earlier,4
distributed,4
print,4
correct,4
old,4
eight,4
copying,4
beginning,4
country,4
creating,4
regarding,4
editions,4
inquiry,4
hearing,4
metaphysical,4
self-contradictory,4
operation,4
conditions,4
born,4
not-self,4
minutes,4
mission,4
status,4
discussion,4
format,4
justified,4
displaying,4
living,4
age,4
concern,4
off,4
8,4
normal,4
books,4
contains,4
forced,4
worlds,4
suffice,4
mathematical,4
events,4
_think_,4
appeal,4
validly,4
constituency,4
positions,4
gradually,4
strong,4
sought,4
accepting,4
widest,4
ceased,4
below,4
effort,4
caesar,4
discussing,4
plainly,4
rejected,4
rose,4
falsely,4
accounted,4
failure,4
besides,4
slightest,4
rests,4
online,4
slight,4
possibly,4
supposition,4
crude,4
to-day,4
students,4
prefer,4
yesterday,4
subsist,4
highly,4
accepted,4
defect,4
unionist,4
strict,4
assumed,4
discoverable,4
uniformity,4
action,4
rejecting,4
produce,4
suggested,4
taste,4
mistaken,4
finds,4
fall,4
pairs,4
occurs,4
chicken,4
achieved,4
check,4
neutral,4
greatest,4
agreed,4
down,4
differently,4
rule,4
slightly,4
died,4
widely,4
occurrence,4
abstraction,4
created,4
heard,4
sign,4
demon,3
reaches,3
_objects_,3
definitely,3
performing,3
remaining,3
bound,3
formed,3
disturbance,3
royalties,3
improbable,3
thunder,3
_error_,3
untrue,3
meet,3
subjective,3
conform,3
painter,3
unable,3
d,3
neck,3
cost,3
dying,3
determined,3
utility,3
clearly,3
theories,3
multiplied,3
accept,3
five,3
please,3
cement,3
distinct,3
bring,3
complying,3
consisting,3
arm,3
100,3
asserting,3
afford,3
finite,3
during,3
hunger,3
_man_,3
unknown,3
couple,3
reflected,3
perpendiculars,3
urged,3
infinitely,3
sole,3
specified,3
create,3
came,3
partial,3
efforts,3
especially,3
went,3
decide,3
wide,3
presupposes,3
connexions,3
rules,3
assumes,3
event,3
money,3
_exist_,3
third,3
payments,3
defective,3
history,3
infallible,3
assistance,3
vi,3
myself,3
rendered,3
applications,3
mysterious,3
liability,3
disclaimer,3
_probably_,3
concrete,3
equipment,3
notion,3
half,3
told,3
perfect,3
secure,3
exemplified,3
royalty,3
links,3
contents,3
complicated,3
requisites,3
considerable,3
speculation,3
paying,3
scrutiny,3
_whiteness_,3
uniformities,3
iv,3
unnecessary,3
preliminary,3
battle,3
explained,3
needed,3
justification,3
paragraphs,3
9,3
empty,3
language,3
user,3
successful,3
offers,3
opinions,3
official,3
indeed,3
cloth,3
written,3
towards,3
useless,3
leaves,3
asking,3
none,3
anywhere,3
additional,3
saying,3
entertain,3
implies,3
gross,3
hylas,3
measure,3
opposition,3
produces,3
mathematicians,3
collections,3
bertrand,3
earwig,3
subjects,3
names,3
denial,3
travel,3
apprehend,3
plato's,3
little,3
knows,3
russell,3
places,3
patches,3
apprehension,3
assertion,3
ambiguity,3
met,3
touching,3
primarily,3
_immediately_,3
printed,3
absent,3
obtaining,3
_of_,3
awareness,3
smoothness,3
surprising,3
_thought_,3
risk,3
decided,3
deductions,3
hypothetical,3
hopes,3
rightly,3
justify,3
axioms,3
element,3
examining,3
observation,3
anybody,3
wrongly,3
perform,3
absurdity,3
dwell,3
explaining,3
conscious,3
coexistence,3
advanced,3
fit,3
such-and-such,3
unknowable,3
choose,3
shining,3
fragmentary,3
replace,3
supply,3
fails,3
thing's,3
spiritual,3
pair,3
finally,3
persists,3
simpler,3
antithesis,3
reign,3
incompleteness,3
belong,3
succeed,3
harmonious,3
_description_,3
15th,3
breakfast,3
bald,3
minister's,3
preserve,3
naked,3
distance,3
minister,3
newspaper,3
predicate,3
self-assertion,3
arrangement,3
wonder,3
perceiving,3
date,3
extension,3
sunrise,3
learning,3
usual,3
_truths_,3
spatial,3
spectator,3
warranties,3
answering,3
deals,3
endeavour,3
remember,3
absolutely,3
distinguishing,3
intellectual,3
sources,3
years,3
dark,3
convictions,3
chime,3
impartiality,3
spinoza,3
practically,3
confidence,3
synthetic,3
uncertainty,3
king,3
containing,3
unduly,3
mathematician,3
comparison,3
increased,3
letters,3
_in,3
side,3
aims,3
demands,3
press,3
limit,3
lead,3
concerns,3
arithmetical,3
occupied,3
disproved,3
solution,3
rectangular,3
instinctively,3
votes,3
sense_,3
shows,3
contemplates,3
12,3
house,3
detail,3
angles,3
determine,3
enlarge,3
include,3
relatively,3
placed,3
near,3
vital,2
vii,2
drawing,2
balloons,2
discussions,2
control,2
_probable_,2
frequent,2
uniform,2
succession,2
unexamined,2
_cause_,2
occasion,2
horse,2
repetitions,2
domestic,2
occurring,2
throughout,2
answered,2
wrung,2
brings,2
conceded,2
aeroplanes,2
lives,2
poison,2
supplies,2
eat,2
sphere,2
mankind,2
associations,2
enemy,2
ascertain,2
nourishing,2
risen,2
firm,2
confirm,2
challenged,2
interfere,2
fulfil,2
fail,2
proving,2
render,2
black,2
_always_,2
bread,2
incoherent,2
overlooked,2
reader,2
_knowledge_,2
hour,2
setting,2
west,2
judged,2
privacy,2
listen,2
lower,2
errors,2
individually,2
night,2
increases,2
unreality,2
proofs,2
commentators,2
interpretation,2
hooks,2
synthesis,2
original,2
piecemeal,2
characters,2
metaphysicians,2
tendency,2
divisible,2
halved,2
moments,2
euclidean,2
wisdom,2
methodical,2
renders,2
accustomed,2
studied,2
dead,2
condition,2
falsehoods,2
prevents,2
internal,2
_coherence_,2
_julius,2
subjected,2
define,2
easier,2
severally,2
knitting,2
indicate,2
othello's,2
aspect,2
wherever,2
_false_,2
ensures,2
absence,2
_fact_,2
balfour,2
announces,2
announce,2
turns,2
greek,2
_known_,2
conclusions,2
leaving,2
grown,2
death,2
calmly,2
ends,2
assumption,2
references,2
active,2
copied,2
6,2
marked,2
vanilla,2
ascii,2
prepare,2
receipt,2
90,2
computer,2
damage,2
warranty,2
costs,2
expenses,2
legal,2
breach,2
receive,2
explanation,2
lieu,2
electronically,2
permitted,2
computers,2
generations,2
exempt,2
federal,2
contributions,2
email,2
solicit,2
visit,2
keeping,2
domain,2
recommended,2
destroy,2
student,2
indirectly,2
effects,2
growth,2
alive,2
ascertainable,2
religious,2
methods,2
unfamiliar,2
strife,2
insistence,2
prison,2
hostile,2
unalloyed,2
infinity,2
widespread,2
fears,2
exclusive,2
emotion,2
city,2
owns,2
protect,2
concept,2
registered,2
research,2
redistribution,2
promoting,2
available,2
redistributing,2
_mean_,2
dualism,2
combined,2
particularly,2
distinctive,2
credit,2
secondly,2
examples,2
figure,2
poet,2
asserted,2
analysing,2
attempted,2
notably,2
endeavoured,2
inadequate,2
apparently,2
outline,2
resulting,2
interaction,2
shares,2
considers,2
causality,2
phenomenon,2
_definition_,2
occurred,2
universality,2
anxious,2
inconsistent,2
imposed,2
doctrines,2
constitution,2
properly,2
war,2
illustrates,2
diminishing,2
stock,2
particularity,2
affirmed,2
teaching,2
16th,2
yes,2
demonstrations,2
appealing,2
singled,2
tradition,2
excluded,2
_truly_,2
controversies,2
controversy,2
schools,2
respectively,2
opposing,2
bad,2
ethics,2
established,2
strenuously,2
repeated,2
library,2
clearer,2
organism,2
content,2
carefully,2
persuade,2
race,2
contained,2
develop,2
_justice_,2
partake,2
participate,2
genuine,2
_mortal_,2
_meaning_,2
govern,2
wider,2
numbers,2
_intuitive_,2
_self-evident_,2
_derivative_,2
mark,2
xi,2
unreasonable,2
consciously,2
going,2
starting,2
leads,2
demonstration,2
_existence_,2
differs,2
trustworthy,2
proportion,2
vividness,2
minute,2
vivid,2
recent,2
indifferent,2
continual,2
reaching,2
memories,2
twos,2
satisfactory,2
bells,2
philosophies,2
fleeting,2
unchangeable,2
pale,2
acquired,2
shared,2
pronouns,2
context,2
realizes,2
i's,2
cut,2
recognized,2
neglect,2
expressing,2
_qualities_,2
sensible,2
unlike,2
invent,2
admission,2
failed,2
refutation,2
ignored,2
touched,2
subsists,2
_object_,2
systems,2
boundaries,2
plan,2
metaphysician,2
caesar_,2
actions,2
close,2
expression,2
earth's,2
merit,2
meal,2
hungry,2
remembering,2
imagining,2
gets,2
suddenly,2
intermediate,2
series,2
passing,2
simplicity,2
common-sense,2
chiefly,2
viewed,2
god's,2
participation,2
paper,2
naval,2
rotation,2
rises,2
morning,2
smooth,2
distinctions,2
differences,2
purposes,2
move,2
inclined,2
hears,2
dismissed,2
feels,2
oblong,2
indefinite,2
reasonably,2
doubts,2
attained,2
stating,2
satisfy,2
retains,2
tables,2
chairs,2
bearing,2
chair,2
door,2
requiring,2
tautology,2
expectation,2
substance,2
_his_,2
buy,2
underlying,2
professor,2
relevant,2
greatly,2
mind's,2
preposterous,2
suspect,2
felt,2
writings,2
inconceivable,2
_things_,2
french,2
discussed,2
uttering,2
thinks,2
imply,2
dogmatically,2
realizing,2
afterwards,2
critically,2
committed,2
attendant,2
disentangle,2
tend,2
seeks,2
issue,2
acquiring,2
apprehending,2
confident,2
readily,2
assent,2
considerations,2
non-mental,2
entertained,2
admits,2
stronger,2
_the_,2
china,2
enabling,2
percipient,2
abandon,2
trust,2
powerful,2
investigation,2
sense-organs,2
worthy,2
roughly,2
harmonize,2
associate,2
imperceptible,2
additions,2
mainly,2
isolated,2
presenting,2
strongly,2
hierarchy,2
built,2
roughnesses,2
organization,2
likelihood,2
brain,2
heat,2
remove,2
rap,2
knuckles,2
noticed,2
changing,2
unconsciously,2
labours,2
reduced,2
suffices,2
nerves,2
_not_,2
parallel,2
convey,2
function,2
preceded,2
resists,2
_light_,2
sides,2
bear,2
reached,2
re-stated,2
similarity,2
simultaneous,2
begins,2
travelled,2
takes,2
motions,2
affords,2
presume,2
philonous,2
familiarity,2
arranged,2
closely,2
luck,2
refuted,2
modified,2
intervening,2
alter,2
utterly,2
ray,2
guard,2
external,2
map,2
bishop,2
houses,2
astronomy,2
_only_,2
moon,2
tends,2
visual,2
_corresponding_,2
forward,2
duration,2
regiment,2
notoriously,2
pain,2
_three,2
smell,2
discovery,2
dialogues,2
ready,2
_order_,2
emperor,2
rational,2
_logically_,2
suitable,2
solar,2
bought,2
allow,2
germany,2
friend's,2
expressed,2
commonest,2
_memory_,2
restrictions,2
applying,2
identify,2
bare,2
deducible,2
behind,2
service,2
mass,2
unhesitatingly,2
ix,2
vitally,2
pleasure,2
updated,2
surface,2
souls,2
introspection,2
pursuit,2
candidates,2
adequate,2
singular,2
laid,2
rudimentary,2
historical,2
self-consciousness,2
ruins,2
selves,2
employ,2
founder,2
re-use,2
occupies,2
exceptional,2
modest,2
sum,2
inner,2
charges,2
calling,2
utter,2
mortals,2
vary,2
systematic,2
convinced,2
negative,2
attach,2
conversely,2
affirm,2
standing,2
suggests,2
region,2
ghost,2
differing,2
pages,2
whatsoever,2
recall,2
concepts,2
represents,2
rash,2
hallucinations,2
unreal,2
imagined,2
_logical_,1
sober,1
crudely,1
vast,1
wonderful,1
consisted,1
pausing,1
newspapers,1
employs,1
electric,1
thoroughly,1
abstain,1
beliefs--such,1
sense-data--which,1
melt,1
destructive,1
possess,1
blank,1
painfully,1
deciding,1
task,1
child,1
unreflective,1
closed,1
alternatives,1
conjecture,1
liberator,1
bar,1
broken,1
choice,1
realization,1
prescribe,1
directions,1
liberty,1
explored,1
passes,1
cranny,1
nook,1
walls,1
decision,1
news,1
disputants,1
bolder,1
demanding,1
1685-1753,1
placing,1
sceptic,1
attitude,1
community,1
impose,1
_criticism_,1
seldom,1
revealed,1
experience--not,1
disengaged,1
accepts,1
inconsistencies,1
searches,1
examines,1
announcement,1
combination,1
descend,1
amply,1
bid,1
_answer_,1
formal,1
willing,1
ascertained,1
historian,1
sir,1
mineralogist,1
henry,1
campbell,1
success,1
pressure,1
bannerman,1
ii,1
studies,1
waste,1
persuaded,1
intelligent,1
society,1
lowest,1
disease,1
anticipation,1
poverty,1
dream-table,1
candid,1
oblivious,1
prolonged,1
fortuitous,1
powers,1
construct,1
insoluble,1
life--which,1
attack,1
profoundest,1
defined,1
questions--and,1
residue,1
uncomfortable,1
psychology,1
separated,1
accord,1
newton's,1
desert--it,1
observing,1
heavens,1
confess,1
pressures,1
needs,1
intuitively,1
readers,1
brief,1
xv,1
greeks,1
advocate,1
prudent,1
_asking_,1
mistakes,1
negligible,1
decides,1
diminishes,1
violent,1
amend,1
justly,1
fallible,1
completed,1
merits,1
determines,1
aimed,1
advocates,1
review,1
increase,1
recognizes,1
strangeness,1
_directly_,1
_signs_,1
_causes_,1
telegram,1
rapping,1
smells,1
ignorant,1
inventions,1
achieve,1
strives,1
lying,1
hardnesses,1
sense-data--brown,1
hair-splitting,1
fortune,1
trifling,1
innocent,1
affairs,1
influence,1
enormously,1
inoperative,1
partially,1
started,1
higher,1
denies,1
believes--to,1
logically--so,1
_something_,1
surveys,1
trusted,1
development,1
advances,1
affirmative,1
outlines,1
step,1
colony,1
forget,1
_our_,1
reconstructed,1
grapple,1
noteworthy,1
opposites,1
psychologically,1
striving,1
struggling,1
continuous,1
disappear,1
fragment,1
altered,1
hates,1
hatreds,1
becoming,1
self-subsistent,1
blue-green,1
tenet,1
assumptions,1
greeny-blue,1
unwarrantable,1
yield,1
tuning,1
sublime,1
musical,1
instrument,1
undeniably,1
unchanging,1
eternal,1
permanence,1
hesitatingly,1
presents,1
rationality,1
proposed,1
vain,1
life-long,1
isolation,1
inspiration,1
theses,1
real--or,1
illusoriness,1
introduce,1
religion,1
be--at,1
dogmas,1
pretty,1
many--profess,1
philosophers--or,1
xiv,1
transform,1
shortly,1
confirms,1
majority,1
collective,1
surviving,1
representative,1
mind--not,1
_probable,1
opinion_,1
_criterion_,1
animal,1
bone,1
anatomist,1
comparative,1
supplied,1
1646-1716,1
complement,1
independence,1
mutually,1
short,1
thesis,1
type,1
being--as,1
be--something,1
hegel's,1
1770-1831,1
sum-total,1
comparing,1
connects,1
infected,1
bewildering,1
georg,1
merges,1
undertake,1
farther,1
declared,1
emphasized,1
emerged,1
criterion,1
instants,1
heartbeats,1
match,1
tending,1
divisibility--philosophers,1
mitigate,1
facts--infinite,1
mercilessly,1
elapse,1
infallibility,1
fulfils,1
cantor,1
runs,1
mistake,1
strangest,1
showed,1
reversed,1
the-letters,1
sceptics,1
_could_,1
roused,1
live,1
less--from,1
differing--some,1
king's,1
loosen,1
euclid's,1
dried,1
constructions,1
passage,1
condemns,1
atheists_,1
obstinate,1
contradictory,1
infinitum_,1
_ad,1
_perception_,1
harmony,1
_absolutely_,1
thence,1
analyse,1
commit,1
disappointing,1
remote,1
occupying,1
relational,1
_seems_,1
dentist,1
toothache,1
inclination,1
trotting,1
hoofs,1
it--theoretically,1
diverge,1
intently,1
concourse,1
upstairs,1
sense-data--colour,1
relate,1
be--is,1
combine,1
halves,1
drives,1
forwards,1
backwards,1
paradoxes,1
afforded,1
agreed--the,1
confused,1
illusory,1
sunset,1
quibbling,1
features,1
proceeded,1
weather,1
fine,1
ambitious,1
borne,1
temper,1
causing,1
usage,1
roman,1
atoms,1
defects,1
topics,1
codes,1
virus,1
treated,1
disk,1
damaged,1
unpublished,1
infringement,1
transcription,1
corrupt,1
inaccurate,1
stored,1
discontinue,1
despite,1
proofread,1
transcribe,1
expend,1
employees,1
moore,1
manager,1
group,1
j,1
reported,1
m,1
volume,1
larger,1
party,1
disclaim,1
recently,1
as-is,1
fix,1
opportunities,1
opportunity,1
december,1
elect,1
2019,1
english,1
sending,1
gordon,1
receiving,1
incidental,1
punitive,1
consequential,1
indirect,1
distributor,1
contract,1
keener,1
negligence,1
remedies,1
preface,1
constructive,1
keynes,1
possessed,1
taught,1
binary,1
expense,1
straightforward,1
version,1
launched,1
philosophy--for,1
hypertext,1
processing,1
proprietary,1
nonproprietary,1
carelessly,1
compressed,1
convert,1
profited,1
redistribute,1
display,1
files,1
detach,1
unlink,1
linked,1
exploring,1
puzzling,1
vagueness,1
appearing,1
underlie,1
obstacles,1
exporting,1
request,1
alternate,1
30,1
e-mail,1
notifies,1
criticisms,1
address,1
sent,1
returns,1
suggestions,1
periodic,1
legally,1
60,1
gilbert,1
murray,1
1912,1
owed,1
taxes,1
calculate,1
calculated,1
profits,1
20,1
realized,1
pay,1
viewing,1
merchantability,1
fitness,1
disclaimers,1
000,1
solicitation,1
send,1
confirmation,1
locations,1
paperwork,1
50,1
charitable,1
charities,1
regulating,1
irs,1
maintaining,1
outdated,1
exclusion,1
array,1
accessible,1
machine-readable,1
licensed,1
increasing,1
carry,1
survive,1
596-1887,1
801,1
84116,1
ut,1
prohibition,1
unsolicited,1
donors,1
international,1
subscribe,1
includes,1
facility,1
pg,1
edition,1
confirmed,1
volunteer,1
network,1
loose,1
forty,1
originator,1
hart,1
michael,1
card,1
checks,1
addresses,1
donation,1
current,1
web,1
staff,1
swamp,1
treatment,1
gratefully,1
lake,1
salt,1
1500,1
2004,1
readable,1
formats,1
synonymous,1
deletions,1
modification,1
alteration,1
harmless,1
promotion,1
production,1
employee,1
agent,1
indemnify,1
indemnity,1
provisions,1
void,1
provision,1
unenforceability,1
invalidity,1
5827,1
maximum,1
interpreted,1
violates,1
types,1
variety,1
obsolete,1
809,1
middle-aged,1
office,1
deductible,1
title,1
64-6221541,1
identification,1
author,1
ein,1
revenue,1
release,1
mississippi,1
organized,1
corporation,1
educational,1
501,1
non-profit,1
sections,1
2001,1
june,1
ensuring,1
goals,1
financial,1
walks,1
hundreds,1
closer,1
indicating,1
texts,1
helpful,1
obstacle,1
looked,1
alien,1
adapts,1
operative,1
acquisition,1
akin,1
aim,1
hills,1
impartially,1
bad--it,1
foes,1
distorts,1
camps--friends,1
valleys,1
divide,1
powerlessness,1
tempted,1
changed,1
peace,1
inevitable,1
inquire,1
surrender,1
fortress,1
elsewhere,1
sets,1
bounds,1
grain,1
contemplating,1
thereby,1
contemplated,1
magnifies,1
satisfaction,1
fear,1
veil,1
impenetrable,1
habits,1
fetters,1
robbing,1
man-made,1
favouritism,1
conformity,1
force,1
dominion,1
impaired,1
assimilate,1
fostered,1
soul,1
achieves,1
texture,1
enlarged,1
beleagured,1
garrison,1
lay,1
deliberate,1
co-operation,1
nation,1
habitual,1
imprisoned,1
tincture,1
renounce,1
astray,1
investigations,1
pronounce,1
unwise,1
limitations,1
converged,1
equal,1
length,1
confining,1
killed,1
speculative,1
approaches,1
demonstrably,1
variously,1
planet,1
accident,1
transitory,1
consent,1
rouse,1
midst,1
contemptuously,1
calm,1
feverish,1
hinder,1
friends,1
family,1
deserts,1
unreflectingly,1
acute,1
value--through,1
value--perhaps,1
unsuspected,1
keeps,1
liberating,1
dogmatism,1
arrogant,1
removes,1
custom,1
tyranny,1
obtuse,1
suggest,1
everyday,1
opening,1
philosophize,1
self-interest,1
impairs,1
sheets,1
brighter,1
careful,1
concentrate,1
shiny,1
commercial,1
cool,1
tap,1
performances,1
reports,1
creation,1
wooden,1
troubles,1
unimportant,1
barrier,1
all-important,1
unlearn,1
trouble,1
philosophy--the,1
wants,1
philosopher's,1
troubled,1
pre-eminently,1
table--it,1
renamed,1
artificial,1
file,1
abide,1
pressing,1
possession,1
displayed,1
accessed,1
turning,1
window,1
buildings,1
representations,1
downloading,1
countries,1
attached,1
clouds,1
ninety-three,1
million,1
sharing,1
miles,1
hot,1
globe,1
prevent,1
unprotected,1
bigger,1
compilation,1
pglaf,1
lot,1
papers,1
gutenberg's,1
metaphysic_,1
_prolegomena,1
citizens,1
enlarges,1
admirable,1
deeds,1
unaffected,1
fragments,1
infinitesimal,1
unchanged,1
inherent,1
distort,1
enter,1
accidents,1
attain,1
contemplative,1
impersonal,1
knowledge--knowledge,1
depending,1
dispassionately,1
traditional,1
customary,1
trammels,1
falls,1
_now_,1
_here_,1
affections,1
walled,1
understanding_,1
spectacles,1
_enquiry,1
philonous_,1
monadology_,1
_ethics_,1
_meditations_,1
_republic_,1
specially,1
handbooks,1
all-round,1
colour-blind,1
profitable,1
elementary,1
note,1
bibliographical,1
closes,1
assurance,1
dogmatic,1
diminish,1
wearing,1
enrich,1
thraldom,1
liberation,1
citizenship,1
embark,1
precisely,1
xiii,1
persuading,1
geography,1
dismiss,1
activity,1
_correspondence_,1
catalogue,1
deducing,1
catalogued,1
legitimately,1
strikes,1
unattainable,1
hatred,1
goodwill,1
ignorance,1
misery,1
desirable,1
happiness,1
gone,1
secures,1
desirability,1
virtuous,1
non-logical,1
serious,1
smelling,1
unaccustomed,1
abstractly,1
men's,1
coins,1
wear,1
physiological,1
groundless,1
light-waves,1
strike,1
genuinely-empirical,1
alters,1
attested,1
growing,1
gratuitous,1
contended,1
university,1
home,1
mathematics_,1
_introduction,1
whitehead,1
n,1
cf,1
reasons--in,1
fallacious--which,1
_typical_,1
divest,1
briefest,1
tasting,1
_empirical_,1
repeatedly,1
contention,1
fallacies,1
engendered,1
somebody's,1
historic,1
principles--perhaps,1
_certainly_,1
arrange,1
behave,1
clean,1
samples,1
middle_,1
arguing,1
contradiction_,1
identity_,1
competent,1
deeply,1
treating,1
obviousness,1
asks,1
consequently,1
dependence,1
involved--in,1
involved--at,1
empiricists--who,1
british,1
locke,1
exemplify,1
assure,1
concluded,1
voice,1
term,1
directs,1
admitting,1
writers,1
objectionable,1
proceeds,1
babies,1
argues,1
hume--maintained,1
latin,1
schoolmen,1
_esse_,1
_percipi_,1
leibniz--maintained,1
continued,1
century,1
seventeenth,1
continental,1
rationalists--who,1
neglecting,1
mortality,1
fixed,1
pointed,1
ordnance,1
hume's,1
perturbed,1
rationalist,1
educated,1
admitted--that,1
argued--correctly,1
physics,1
previously,1
1711-76,1
sufficed,1
contradict,1
baldness,1
eclipse,1
sophistry,1
_feeling_,1
preparing,1
orator,1
enunciated,1
lapse,1
plane,1
unsafe,1
guide,1
walk,1
adding,1
_exactly_,1
all-embracing,1
reconcile,1
tries,1
joint,1
_connected_,1
provisionally,1
sensation--the,1
_causing_,1
apportions,1
opaque,1
sufficiently,1
elements,1
exponents,1
touches,1
merest,1
tongue,1
anticipating,1
hundred,1
inhabitants,1
situated,1
enumeration,1
gain,1
vaguer,1
sceptical,1
illustrated,1
elapsed,1
clock,1
bored,1
roundabout,1
foolish,1
preservation,1
misunderstanding,1
newness,1
_new_,1
debate,1
sun's,1
_induction_,1
_deduction_,1
inferring,1
counterparts,1
reduce,1
fabric,1
upset,1
level,1
acquiesce,1
die,1
struldbugs,1
invites,1
swift,1
knowable,1
defensible,1
mode,1
preferable,1
warrants,1
interrupted,1
suffering,1
deserves,1
slowly,1
inquired,1
invention,1
contribution,1
agreeably,1
prussia,1
east,1
königsberg,1
revolution,1
uncertain,1
quickly,1
sleeping,1
seven,1
lived,1
immanuel,1
viii,1
historically,1
1724-1804,1
orders,1
marching,1
aware--say,1
table--and,1
diary,1
wrings,1
fed,1
sequel,1
elected,1
feeds,1
descriptive,1
drive,1
correctly,1
native,1
incredulous,1
surprised,1
abroad,1
uneducated,1
explicitly,1
ghost-stories,1
horrors,1
tactile,1
unusual,1
shock,1
severe,1
illustrations,1
oneself,1
designate,1
bismarck's,1
_concept_,1
_conceiving_,1
organs,1
refined,1
positively,1
infringed,1
destroyed,1
representing,1
falsified,1
self-acquainted-with-sense-datum,1
adduced,1
wise,1
unsupported,1
replaced,1
working,1
sense--thoughts,1
habitually,1
disappoint,1
_universals_,1
discuss,1
weight,1
_diversity_,1
_brotherhood_,1
unexpectedly,1
instincts,1
existent,1
misleadingness,1
repetition,1
af,1
confusions,1
hopeless,1
describing,1
communicate,1
varying,1
outcome,1
stages,1
removal,1
longest-lived,1
effected,1
exceedingly,1
progressively,1
extend,1
drawn,1
wore,1
data--if,1
fourth,1
reducible,1
_every,1
acquainted_,1
conceivable,1
range,1
significantly,1
assassinated,1
ides,1
_describe_,1
defeated,1
_intend_,1
countless,1
chance,1
_likely_,1
accidental,1
knowledge--far,1
meanings,1
travels,1
mention,1
dates,1
long-lived,1
_any_,1
fulfilment,1
system--similarly,1
operated,1
assured,1
acquainted--usually,1
places--london,1
england,1
interferes,1
rotate,1
rotating,1
europe,1
heretofore,1
extends,1
remarkably,1
_self_,1
conceivably,1
whence,1
obscure,1
chimaera,1
worked,1
conduct,1
stranger,1
total,1
_practical_,1
worst,1
inhabited,1
approaching,1
friend,1
_theoretical_,1
roof,1
persons,1
throw,1
stone,1
desirous,1
unsound,1
forgo,1
begging,1
unexperienced,1
satisfying,1
confute,1
apprehended--must,1
ideas'--i,1
fallacy,1
dined,1
object--in,1
plausibility,1
confusing,1
month,1
forgetting,1
learnt,1
transfer,1
unconscious,1
equivocation,1
generality,1
rooted,1
application,1
assented,1
faculty,1
obviousness--the,1
limiting,1
_in_,1
_before_,1
debated,1
example--raises,1
beliefs--for,1
thwarting,1
_proved_,1
_self_-consciousness,1
_judgements_,1
practice,1
it--i,1
describes,1
connecting,1
advocating,1
striking,1
restricted,1
_almost_,1
past--not,1
oftener,1
past--nor,1
demonstratively,1
_prove_,1
tolerably,1
origin,1
_introspection_,1
geology,1
experience--as,1
desiring,1
starts,1
begs,1
_doubt_,1
argued,1
table--its,1
presence,1
_principle,1
palpable,1
_disproved_,1
_that_,1
_savoir_,1
_connaître_,1
estimated,1
_wissen_,1
peculiarly,1
species,1
variable,1
_kennen_,1
honour,1
induction_,1
gravely,1
_might_,1
repeat,1
retort,1
nobody,1
elucidation,1
verification,1
v,1
intermediary,1
dissociated,1
contentions,1
_private_,1
inconsistency,1
absurdities,1
ranging,1
gradations,1
waterloo,1
george,1
ten,1
dinner-table,1
maintain,1
tablecloth,1
conversation,1
knives,1
forks,1
ate,1
backward,1
spoons,1
glasses,1
flash,1
reliable,1
variations,1
perspective,1
struck,1
nearness,1
occupant,1
throws,1
faintness,1
high,1
subsumed,1
frightened,1
else--something,1
observe,1
hoped,1
sold,1
pushed,1
_mere_,1
incompatible,1
hides,1
deceptive,1
confine,1
xii,1
suggestion,1
presumption,1
suspended,1
resting,1
miracle,1
notions,1
retained,1
conflict,1
aesthetic,1
fainter,1
remoter,1
whoever,1
accurate,1
compare,1
underlies,1
noticing,1
insistent,1
banging,1
forgotten,1
engagement,1
impression,1
accounting,1
moved,1
early,1
undeniable,1
products,1
multiplication,1
recorded,1
sprang,1
_product_,1
odd,1
subsequently,1
arrived,1
_kind_,1
_degree_,1
subsumptions,1
producing,1
progress,1
extensive,1
corresponded,1
delusion,1
luminously,1
getting,1
accompanied,1
danger,1
analogous,1
recombines,1
analyses,1
_round_,1
beg,1
coalesce,1
surrounded,1
brightness,1
grasp,1
poisonous,1
abstractions,1
practised,1
pink,1
pursue,1
disputable,1
voices,1
trying,1
constructing,1
fancy,1
regress,1
adequately,1
enumerated,1
constructed,1
_each_,1
relation--in,1
uniting,1
_quite_,1
unites,1
spoke,1
host,1
deceitful,1
accusative,1
nominative,1
inflections,1
indicated,1
inflected,1
presented,1
puts,1
metaphorically,1
_constituents_,1
perpetual,1
_subject_,1
definitions,1
distinguishes,1
_act_,1
phantasmagoria,1
entertaining,1
creates,1
became,1
objects--it,1
restate,1
trains,1
catching,1
1596-1650,1
_create_,1
belief_,1
_fact,1
object-relation,1
object-terms,1
_object-relation_,1
_object-terms_,1
_truth_,1
brick,1
entails,1
invented,1
profit--the,1
extrinsic,1
definiteness,1
_corresponds_,1
_falsely_,1
binds,1
distinctly,1
structure,1
knits,1
deceive,1
correlative,1
_cogito,1
_test_,1
somebody,1
framework,1
skeleton,1
momentary,1
primitive,1
rival,1
uncommon,1
novelist,1
_one_,1
rounded,1
cohere,1
attained--many,1
partly--and,1
irrefutable,1
philosophers--that,1
view--which,1
solid,1
arriving,1
bed,1
centuries,1
scaffold,1
lies,1
_correspondence,1
fact_,1
constituting,1
marriage,1
ergo,1
avoided,1
refutable,1
objective,1
allowed,1
duly,1
_believing_,1
_judging_,1
indefinitely,1
sum_,1
c's,1
_i_,1
promote,1
_jealousy_,1
york,1
smallest,1
build,1
inventing,1
allowing,1
allows,1
convincing,1
march,1
appetite,1
_men_,1
categories,1
omission,1
avoiding,1
diminished,1
insubstantial,1
cutting,1
interrelation,1
acquiescence,1
this--that,1
attainable,1
dictionary,1
nearest,1
begun,1
adequacy,1
arduous,1
iii,1
_universal_,1
_particular_,1
applied,1
demonstrative,1
developments,1
mystical,1
heaven,1
illumination,1
mystic,1
forces,1
_possibility_,1
_mortality_,1
nouns,1
clashes,1
chosen,1
acceptance,1
_triangularity_,1
emerges,1
_possible_,1
_reason_,1
organizing,1
beginner,1
processes,1
consequences,1
took,1
followed,1
modify,1
undue,1
_monad_,1
_monadism_,1
nowadays,1
_monism_,1
bradley,1
interact,1
orderly,1
attributing,1
mysticism,1
sense-data--for,1
table--are,1
appearances,1
subsequent,1
_this_,1
outward,1
intended,1
remarks,1
_space_,1
infancy,1
coin,1
failing,1
_judge_,1
_look_,1
kantian,1
oval,1
formally,1
front,1
vindicate,1
anybody's,1
_apparent_,1
destroys,1
contributed,1
fatal,1
criticized,1
minor,1
_be_,1
save,1
emphatically,1
arose,1
supra-sensible,1
indestructible,1
immutable,1
eternally,1
changeable,1
multiplicity,1
admixture,1
continuously,1
reappear,1
deserving,1
modifications,1
voyage,1
drifted,1
solve,1
emitting,1
aether,1
assigns,1
_may_,1
assist,1
different--something,1
speech,1
sea,1
resemblances,1
clash,1
unplausible,1
urges,1
_all,1
football,1
revert,1
compared,1
unsolved,1
returning,1
_similarity_,1
_resemblance_,1
greens,1
speak--that,1
space-relations,1
time-relations,1
abstracted,1
noises,1
ones,1
retain,1
bell,1
lips,1
successively,1
expressions,1
glance,1
face--it,1
easiest,1
playing,1
universals_,1
solving,1
_no_,1
grow,1
physiology,1
_evidence_,1
non-existence,1
fast,1
behaviour,1
_understand_,1
represent,1
contrast,1
serve,1
anticipate,1
changes,1
reflecting,1
couples_,1
_as,1
_implies_,1
numerous,1
interpret,1
with--in,1
understand--in,1
inexplicable,1
movements,1
emitted,1
originally,1
triangularity,1
loud,1
excluding,1
_existing_,1
convenient,1
twice,1
rob,1
guarded,1
simplify,1
peculiar,1
nowhen,1
nowhere,1
systematize,1
apprehends,1
admit--though,1
presupposed,1
dreams--that,1
south,1
coming,1
continuing,1
doubtless,1
typical,1
entangled,1
adversaries,1
rejection,1
_subsist_,1
_have,1
being_,1
harm,1
sour,1
sweet,1
divided,1
x,1
solves,1
impartial,1
_instinctive_,1
shadow,1
however--which,1
temperaments,1
paradoxical,1
timeless,1
sharp,1
perfection,1
touch--leaves,1
undiminished,1
builder,1
logician,1
_are_,1
delightful,1
exact,1
rigid,1
newsletter,1
